{"cameraMode":{"drawMode":0,"name":"Shaded","section":"Shading Mode"},"sceneLighting":true,"audioPlay":false,"sceneViewState":{"m_AlwaysRefresh":false,"showFog":true,"showSkybox":true,"showFlares":true,"showImageEffects":true,"showParticleSystems":true,"showVisualEffectGraphs":true,"m_FxEnabled":true},"in2DMode":false,"pivot":{"x":-0.47456231713294985,"y":2.752603769302368,"z":-0.007902302779257298},"rotation":{"x":0.009504464454948902,"y":-0.9874169826507568,"z":0.0652640238404274,"w":0.14377564191818238},"size":2.6759650707244875,"orthographic":false}